id,narragansett,english_gloss,english_historical,chapter,chapter_num,semantic_domain,is_phrase,authority,elder_approved,speaker_attribution
rw-002-ne-n-ke-n-ew,"Neèn, Keèn, Ewò","I, you, he.","I, you, he.","Salutation",1,kinship,true,colonial_record,false,"Historical record (Williams 1643) — not a living tribal speaker"
rw-003-ke-nkaneen,"Keénkaneen","You and I.","You and I.","Salutation",1,kinship,false,colonial_record,false,"Historical record (Williams 1643) — not a living tribal speaker"
rw-004-ascowequassunn-mmis,"Ascowequassunnúmmis","Good morrow.","Good morrow.","Salutation",1,kinship,false,colonial_record,false,"Historical record (Williams 1643) — not a living tribal speaker"
rw-005-askuttaaquomps-n,"Askuttaaquompsín","How do you do??","Hou doe you?","Salutation",1,kinship,false,colonial_record,false,"Historical record (Williams 1643) — not a living tribal speaker"
rw-006-asnpaumpma-ntam,"Asnpaumpmaúntam","I am very well.","I am very well.","Salutation",1,kinship,true,colonial_record,false,"Historical record (Williams 1643) — not a living tribal speaker"
rw-007-taub-t-paump-ma-ntaman,"Taubút paump maúntaman","I am glad you are well.","I am glad you are well.","Salutation",1,kinship,true,colonial_record,false,"Historical record (Williams 1643) — not a living tribal speaker"
rw-008-cowa-nckamish,"Cowaúnckamish","My service to you.","My service to you.","Salutation",1,kinship,true,colonial_record,false,"Historical record (Williams 1643) — not a living tribal speaker"
rw-009-matta-niccattupp-mmin,"Matta niccattuppúmmin","I am not hungry.","I am not hungry.","Eating and Entertainment",2,food,true,colonial_record,false,"Historical record (Williams 1643) — not a living tribal speaker"
rw-010-nicc-wkatone,"Niccàwkatone","I am thirstie.","I am thirstie.","Eating and Entertainment",2,food,false,colonial_record,false,"Historical record (Williams 1643) — not a living tribal speaker"
rw-011-nip-or-nip-wese,"Nip, or nipéwese","Give me some water.","Give me some water.","Eating and Entertainment",2,food,true,colonial_record,false,"Historical record (Williams 1643) — not a living tribal speaker"
rw-012-namitch-commetes-mmin,"Namitch, commetesímmin","Stay, you must eat first.","Stay, you must eat first.","Eating and Entertainment",2,food,true,colonial_record,false,"Historical record (Williams 1643) — not a living tribal speaker"
rw-013-t-aquacumm-ich,"Téaquacumméich","What will you eat?","What will you eat?","Eating and Entertainment",2,food,true,colonial_record,false,"Historical record (Williams 1643) — not a living tribal speaker"
rw-014-n-kehick,"Nókehick","Parch’d meal, which is a","Parch’d meal, which is a","Eating and Entertainment",2,food,true,colonial_record,false,"Historical record (Williams 1643) — not a living tribal speaker"
rw-015-aup-mmineanash,"Aupúmmineanash","The parch’d corne.","The parch’d corne.","Eating and Entertainment",2,food,false,colonial_record,false,"Historical record (Williams 1643) — not a living tribal speaker"
rw-016-aup-minea-nawsa-mp,"Aupúminea-nawsaùmp","The parch’d meale boild","The parch’d meale boild","Eating and Entertainment",2,food,true,colonial_record,false,"Historical record (Williams 1643) — not a living tribal speaker"
rw-017-nsowwushk-wmen,"Nsowwushkâwmen","I am weary.","I am weary.","Sleep and Lodging",3,kinship,false,colonial_record,false,"Historical record (Williams 1643) — not a living tribal speaker"
rw-018-nk-taquaum,"Nkàtaquaum","I am sleepie.","I am sleepie.","Sleep and Lodging",3,kinship,false,colonial_record,false,"Historical record (Williams 1643) — not a living tribal speaker"
rw-019-kukkoveto-s,"Kukkovetoùs","Shall I lodge here?","Shall I lodge here?","Sleep and Lodging",3,kinship,true,colonial_record,false,"Historical record (Williams 1643) — not a living tribal speaker"
rw-020-kukkow-ti,"Kukkowéti","Will you sleep here.","Will you sleepe here.","Sleep and Lodging",3,kinship,true,colonial_record,false,"Historical record (Williams 1643) — not a living tribal speaker"
rw-021-wunn-gin-c-wish,"Wunnégin, cówish","Welcome, sleep here.","Welcome, sleepe here.","Sleep and Lodging",3,kinship,true,colonial_record,false,"Historical record (Williams 1643) — not a living tribal speaker"
rw-022-nummouaqu-men,"Nummouaquômen","I will lodge abroad.","I will lodge abroad.","Sleep and Lodging",3,kinship,true,colonial_record,false,"Historical record (Williams 1643) — not a living tribal speaker"
rw-023-puckqu-tchick-nickou-men,"Puckquátchick nickouêmen","I will sleep without the doores,","I will sleepe without the doores,","Sleep and Lodging",3,kinship,true,colonial_record,false,"Historical record (Williams 1643) — not a living tribal speaker"
rw-024-mouaqu-mitea,"Mouaquómitea","Let us lye abroad.","Let us lye abroad.","Sleep and Lodging",3,kinship,true,colonial_record,false,"Historical record (Williams 1643) — not a living tribal speaker"
rw-025-nqu-t,"Nquít","One.","One.","Numbers",4,time,false,colonial_record,false,"Historical record (Williams 1643) — not a living tribal speaker"
rw-026-pi-ck,"Piùck","10","10","Numbers",4,time,false,colonial_record,false,"Historical record (Williams 1643) — not a living tribal speaker"
rw-027-piucknabna-qu-t,"Piucknabna quìt","11","11","Numbers",4,time,true,colonial_record,false,"Historical record (Williams 1643) — not a living tribal speaker"
rw-028-piucknab-ne-se,"Piucknab neèse","12","12","Numbers",4,time,true,colonial_record,false,"Historical record (Williams 1643) — not a living tribal speaker"
rw-029-piucknab-n-sh,"Piucknab nìsh","13","13","Numbers",4,time,true,colonial_record,false,"Historical record (Williams 1643) — not a living tribal speaker"
rw-030-piucknab-y-h,"Piucknab yòh","14","14","Numbers",4,time,true,colonial_record,false,"Historical record (Williams 1643) — not a living tribal speaker"
rw-031-piucknab-nap-nna,"Piucknab napánna","15","15","Numbers",4,time,true,colonial_record,false,"Historical record (Williams 1643) — not a living tribal speaker"
rw-032-piucknab-naq-tta,"Piucknab naqútta","16","16","Numbers",4,time,true,colonial_record,false,"Historical record (Williams 1643) — not a living tribal speaker"
rw-033-ske-tomp-a-og,"Skeétomp-aûog","Man-men.","Man-men.","Relations of Consanguinity",5,kinship,false,colonial_record,false,"Historical record (Williams 1643) — not a living tribal speaker"
rw-034-squ-ws-suck,"Squàws-suck","Woman-women.","Woman-women.","Relations of Consanguinity",5,kinship,false,colonial_record,false,"Historical record (Williams 1643) — not a living tribal speaker"
rw-035-kichizuck,"Kichizuck","Old men.","Old men.","Relations of Consanguinity",5,kinship,false,colonial_record,false,"Historical record (Williams 1643) — not a living tribal speaker"
rw-036-h-mesuck,"Hômesuck","Old men.","Old men.","Relations of Consanguinity",5,kinship,false,colonial_record,false,"Historical record (Williams 1643) — not a living tribal speaker"
rw-037-kutch-nnu,"Kutchínnu","A middle-aged man,","A middle-aged man,","Relations of Consanguinity",5,kinship,false,colonial_record,false,"Historical record (Williams 1643) — not a living tribal speaker"
rw-038-kutch-nnuwock,"Kutchínnuwock","Middle-aged men.","Middle-aged men.","Relations of Consanguinity",5,kinship,false,colonial_record,false,"Historical record (Williams 1643) — not a living tribal speaker"
rw-039-wuske-ne,"Wuskeène","A youth,","A youth,","Relations of Consanguinity",5,kinship,false,colonial_record,false,"Historical record (Williams 1643) — not a living tribal speaker"
rw-040-wuskeene-suck,"Wuskeeneésuck","Youths.","Youths.","Relations of Consanguinity",5,kinship,false,colonial_record,false,"Historical record (Williams 1643) — not a living tribal speaker"
rw-041-wetu,"Wetu","An House.","An House.","House and Family",6,kinship,false,colonial_record,false,"Historical record (Williams 1643) — not a living tribal speaker"
rw-042-wetu-muck,"Wetuômuck","At home.","At home.","House and Family",6,kinship,false,colonial_record,false,"Historical record (Williams 1643) — not a living tribal speaker"
rw-043-w-kick,"Wékick","At his house.","At his house.","House and Family",6,kinship,false,colonial_record,false,"Historical record (Williams 1643) — not a living tribal speaker"
rw-044-nickqu-num,"Nickquénum","I am going;","I am going;","House and Family",6,kinship,false,colonial_record,false,"Historical record (Williams 1643) — not a living tribal speaker"
rw-045-puttuckak-un,"Puttuckakàun","A round house.","A round house.","House and Family",6,kinship,false,colonial_record,false,"Historical record (Williams 1643) — not a living tribal speaker"
rw-046-puttuckak-unese,"Puttuckakàunese","A little round house.","A little round house.","House and Family",6,kinship,true,colonial_record,false,"Historical record (Williams 1643) — not a living tribal speaker"
rw-047-wetuom-mese,"Wetuomémese","A little house;","A little house;","House and Family",6,kinship,false,colonial_record,false,"Historical record (Williams 1643) — not a living tribal speaker"
rw-048-ne-s-quttow,"Neés quttow","A long house with two fires.","A long house with two fires.","House and Family",6,kinship,true,colonial_record,false,"Historical record (Williams 1643) — not a living tribal speaker"
rw-049-uppaqu-ntup,"Uppaquóntup","The head.","The head.","Parts of the Body",7,other,false,colonial_record,false,"Historical record (Williams 1643) — not a living tribal speaker"
rw-050-nuppaqu-ntup,"Nuppaquóntup","My head.","My head.","Parts of the Body",7,other,false,colonial_record,false,"Historical record (Williams 1643) — not a living tribal speaker"
rw-051-w-sheck,"Wésheck","The hayre.","The hayre.","Parts of the Body",7,other,false,colonial_record,false,"Historical record (Williams 1643) — not a living tribal speaker"
rw-052-wuchechep-nnock,"Wuchechepúnnock","A great bunch of hayre","A great bunch of hayre","Parts of the Body",7,other,true,colonial_record,false,"Historical record (Williams 1643) — not a living tribal speaker"
rw-053-m-ppacuck,"Múppacuck","A long locke.","A long locke.","Parts of the Body",7,other,false,colonial_record,false,"Historical record (Williams 1643) — not a living tribal speaker"
rw-054-msc-ttuck,"Mscáttuck","The fore-head.","The fore-head.","Parts of the Body",7,other,false,colonial_record,false,"Historical record (Williams 1643) — not a living tribal speaker"
rw-055-wuske-suck-quash,"Wuskeésuck-quash","Eye, or eyes.","Eye, or eyes.","Parts of the Body",7,other,false,colonial_record,false,"Historical record (Williams 1643) — not a living tribal speaker"
rw-056-wucha-n,"Wuchaûn","The nostrills.","The nostrills.","Parts of the Body",7,other,false,colonial_record,false,"Historical record (Williams 1643) — not a living tribal speaker"
rw-057-aunchemokauhett-ttea,"Aunchemokauhettíttea","Let us discourse, or tell newes.","Let us discourse, or tell newes.","Discourse and News",8,other,true,colonial_record,false,"Historical record (Williams 1643) — not a living tribal speaker"
rw-058-aaunchem-kaw,"Aaunchemókaw","Tell me your newes.","Tell me your newes.","Discourse and News",8,other,true,colonial_record,false,"Historical record (Williams 1643) — not a living tribal speaker"
rw-059-cuttaunchem-kous,"Cuttaunchemókous","I will tell you newes.","I will tell you newes.","Discourse and News",8,other,true,colonial_record,false,"Historical record (Williams 1643) — not a living tribal speaker"
rw-060-mautaunchemokou-an,"Mautaunchemokouêan","When I have done telling","When I have done telling","Discourse and News",8,other,true,colonial_record,false,"Historical record (Williams 1643) — not a living tribal speaker"
rw-061-cummautaunchem-kous,"Cummautaunchemókous","I have done my newes.","I have done my newes.","Discourse and News",8,other,true,colonial_record,false,"Historical record (Williams 1643) — not a living tribal speaker"
rw-062-wutauich-ocou-og,"Wutauichéocouôog","I will tell it them.","I will tell it them.","Discourse and News",8,other,true,colonial_record,false,"Historical record (Williams 1643) — not a living tribal speaker"
rw-063-awaun-mesh-aunchem-kau,"Awaun mesh aunchemókau","Who brought this newes?","Who brought this newes?","Discourse and News",8,other,true,colonial_record,false,"Historical record (Williams 1643) — not a living tribal speaker"
rw-064-awaun-mesh-kupp-ttouwaw,"Awaun mesh kuppíttouwaw","Of whom did you heare it?","Of whom did you heare it?","Discourse and News",8,other,true,colonial_record,false,"Historical record (Williams 1643) — not a living tribal speaker"
rw-065-maut-bon-chich-uquat-wom,"Mautàbon, Chicháuquat wompan","It is day.","It is day.","Time of the Day",9,time,true,colonial_record,false,"Historical record (Williams 1643) — not a living tribal speaker"
rw-066-ampat-uban,"Ampatâuban","It is broad day.","It is broad day.","Time of the Day",9,time,true,colonial_record,false,"Historical record (Williams 1643) — not a living tribal speaker"
rw-067-p-shisha,"Páshisha","It is Sunne-rise.","It is Sunne-rise.","Time of the Day",9,time,false,colonial_record,false,"Historical record (Williams 1643) — not a living tribal speaker"
rw-068-numm-ttaq-aw,"Nummáttaqúaw","Fore-noone.","Fore-noone.","Time of the Day",9,time,false,colonial_record,false,"Historical record (Williams 1643) — not a living tribal speaker"
rw-069-yahen-paushaq-aw,"Yahen Paushaqúaw","Allmost noone.","Allmost noone.","Time of the Day",9,time,true,colonial_record,false,"Historical record (Williams 1643) — not a living tribal speaker"
rw-070-p-weshaquaw,"Páweshaquaw","Noone.","Noone.","Time of the Day",9,time,false,colonial_record,false,"Historical record (Williams 1643) — not a living tribal speaker"
rw-071-qutt-kquaquaw,"Quttùkquaquaw","After dinner.","After dinner.","Time of the Day",9,time,false,colonial_record,false,"Historical record (Williams 1643) — not a living tribal speaker"
rw-072-naww-uwqaw,"Nawwâuwqaw","After-noone.","After-noone.","Time of the Day",9,time,false,colonial_record,false,"Historical record (Williams 1643) — not a living tribal speaker"
rw-073-nquittaq-nnegat,"Nquittaqúnnegat","One day.","One day.","Seasons of the Year",10,time,false,colonial_record,false,"Historical record (Williams 1643) — not a living tribal speaker"
rw-074-neesq-nnagat,"Neesqúnnagat","2 dayes.","2 dayes.","Seasons of the Year",10,time,false,colonial_record,false,"Historical record (Williams 1643) — not a living tribal speaker"
rw-075-shuckqun-ckat,"Shuckqunóckat","3 dayes.","3 dayes.","Seasons of the Year",10,time,false,colonial_record,false,"Historical record (Williams 1643) — not a living tribal speaker"
rw-076-piuckaq-nnagat,"Piuckaqúnnagat","10 dayes.","10 dayes.","Seasons of the Year",10,time,false,colonial_record,false,"Historical record (Williams 1643) — not a living tribal speaker"
rw-077-piuckaqunnagat-nabnaqu-t,"Piuckaqunnagat nabnaquìt","11 dayes.","11 dayes.","Seasons of the Year",10,time,true,colonial_record,false,"Historical record (Williams 1643) — not a living tribal speaker"
rw-078-neesneechektashuck-qunn-,"Neesneechektashuck qunnóckat","20 dayes.","20 dayes.","Seasons of the Year",10,time,true,colonial_record,false,"Historical record (Williams 1643) — not a living tribal speaker"
rw-079-s-quan,"Séquan","The Spring.","The Spring.","Seasons of the Year",10,time,false,colonial_record,false,"Historical record (Williams 1643) — not a living tribal speaker"
rw-080-aukeete-mitch,"Aukeeteámitch","Spring, or seed-time.","Spring, or seed-time.","Seasons of the Year",10,time,false,colonial_record,false,"Historical record (Williams 1643) — not a living tribal speaker"
rw-081-m-yi,"Máyi","A way.","A way.","Travel",11,movement,false,colonial_record,false,"Historical record (Williams 1643) — not a living tribal speaker"
rw-082-mat-mayan-nno,"Mat mayanúnno","There is no way.","There is no way.","Travel",11,movement,true,colonial_record,false,"Historical record (Williams 1643) — not a living tribal speaker"
rw-083-peem-yag-t,"Peemáyagât","A little way.","A little way.","Travel",11,movement,false,colonial_record,false,"Historical record (Williams 1643) — not a living tribal speaker"
rw-084-mishimm-yagat,"Mishimmáyagat","A great path.","A great path.","Travel",11,movement,false,colonial_record,false,"Historical record (Williams 1643) — not a living tribal speaker"
rw-085-mach-pscat,"Machípscat","A stone path.","A stone path.","Travel",11,movement,false,colonial_record,false,"Historical record (Williams 1643) — not a living tribal speaker"
rw-086-nnatotem-ckaun,"Nnatotemúckaun","I will ask the way.","I will aske the way.","Travel",11,movement,true,colonial_record,false,"Historical record (Williams 1643) — not a living tribal speaker"
rw-087-kunnat-temous,"Kunnatótemous","I will inquire of you.","I will inquire of you.","Travel",11,movement,true,colonial_record,false,"Historical record (Williams 1643) — not a living tribal speaker"
rw-088-kokotem-innea-m-yi,"Kokotemíinnea méyi","Shew me the way.","Shew me the way.","Travel",11,movement,true,colonial_record,false,"Historical record (Williams 1643) — not a living tribal speaker"
rw-089-k-esuck,"Kéesuck","The Heavens.","The Heavens.","The Heavenly Lights",12,weather,false,colonial_record,false,"Historical record (Williams 1643) — not a living tribal speaker"
rw-090-keesucqu-u,"Keesucquíu","Heavenward.","Heavenward.","The Heavenly Lights",12,weather,false,colonial_record,false,"Historical record (Williams 1643) — not a living tribal speaker"
rw-091-a-ke-aukease-u,"Aúke, Aukeaseíu","Downwards.","Downwards.","The Heavenly Lights",12,weather,true,colonial_record,false,"Historical record (Williams 1643) — not a living tribal speaker"
rw-092-nipp-wus,"Nippâwus","The Sun.","The Sun.","The Heavenly Lights",12,weather,false,colonial_record,false,"Historical record (Williams 1643) — not a living tribal speaker"
rw-093-keesuckqu-nd,"Keesuckquànd","A name of the Sun.","A name of the Sun.","The Heavenly Lights",12,weather,true,colonial_record,false,"Historical record (Williams 1643) — not a living tribal speaker"
rw-094-munn-nnock,"Munnánnock","A name of the Sun.","A name of the Sun.","The Heavenly Lights",12,weather,true,colonial_record,false,"Historical record (Williams 1643) — not a living tribal speaker"
rw-095-pashp-shea,"Pashpíshea","The Moone is up.","The Moone is up.","The Heavenly Lights",12,weather,true,colonial_record,false,"Historical record (Williams 1643) — not a living tribal speaker"
rw-096-y-ockquitteunk,"Yò Ockquitteunk","A new Moone.","A new Moone.","The Heavenly Lights",12,weather,true,colonial_record,false,"Historical record (Williams 1643) — not a living tribal speaker"
rw-097-t-ocke-tussinn-mmin-k-es,"T Ocke tussinnámmin kéesuck","What thinke you of the Weather?","What thinke you of the Weather?","The Weather",13,weather,true,colonial_record,false,"Historical record (Williams 1643) — not a living tribal speaker"
rw-098-wekinea-quat,"Wekineaûquat","Faire Weather.","Faire Weather.","The Weather",13,weather,false,colonial_record,false,"Historical record (Williams 1643) — not a living tribal speaker"
rw-099-wekinn-uquocks,"Wekinnàuquocks","When it is faire Weather.","When it is faire Weather.","The Weather",13,weather,true,colonial_record,false,"Historical record (Williams 1643) — not a living tribal speaker"
rw-100-tahk-or-t-takki,"Tahkì or tátakki","Cold Weather.","Cold Weather.","The Weather",13,weather,true,colonial_record,false,"Historical record (Williams 1643) — not a living tribal speaker"
rw-101-tahk-es,"Tahkèes","Cold.","Cold.","The Weather",13,weather,false,colonial_record,false,"Historical record (Williams 1643) — not a living tribal speaker"
rw-102-ta-kocks,"Taúkocks","Cold weather.","Cold weather.","The Weather",13,weather,false,colonial_record,false,"Historical record (Williams 1643) — not a living tribal speaker"
rw-103-k-usitteks,"Káusitteks","Hot weather.","Hot weather.","The Weather",13,weather,false,colonial_record,false,"Historical record (Williams 1643) — not a living tribal speaker"
rw-104-kuss-ttah,"Kussúttah","It is hot.","It is hot.","The Weather",13,weather,false,colonial_record,false,"Historical record (Williams 1643) — not a living tribal speaker"
rw-105-w-a-pi,"W Aûpi","The Wind.","The Wind.","The Winds",14,weather,true,colonial_record,false,"Historical record (Williams 1643) — not a living tribal speaker"
rw-106-w-upanash,"Wâupanash","The Winds.","The Winds.","The Winds",14,weather,false,colonial_record,false,"Historical record (Williams 1643) — not a living tribal speaker"
rw-107-tash-nash-waupanash,"Tashínash waupanash","How many winds are there?","How many winds are there?","The Winds",14,weather,true,colonial_record,false,"Historical record (Williams 1643) — not a living tribal speaker"
rw-108-chepew-ssin,"Chepewéssin","The North east.","The North east.","The Winds",14,weather,false,colonial_record,false,"Historical record (Williams 1643) — not a living tribal speaker"
rw-109-s-chimoachepew-ssin,"Sáchimoachepewéssin","Strong North east wind.","Strong North east wind.","The Winds",14,weather,true,colonial_record,false,"Historical record (Williams 1643) — not a living tribal speaker"
rw-110-nop-tin,"Nopâtin","The East wind.","The East wind.","The Winds",14,weather,false,colonial_record,false,"Historical record (Williams 1643) — not a living tribal speaker"
rw-111-nan-ckquittin,"Nanóckquittin","The South east wind.","The South east wind.","The Winds",14,weather,true,colonial_record,false,"Historical record (Williams 1643) — not a living tribal speaker"
rw-112-touw-ttin,"Touwúttin","South wind.","South wind.","The Winds",14,weather,false,colonial_record,false,"Historical record (Williams 1643) — not a living tribal speaker"
rw-113-npesh-wog,"NPesháwog","} Fowle","} Fowle","Fowl",15,fauna,false,colonial_record,false,"Historical record (Williams 1643) — not a living tribal speaker"
rw-114-ntauch-umen,"Ntauchâumen","I go a fowling or hunting.","I goe a fowling or hunting.","Fowl",15,fauna,true,colonial_record,false,"Historical record (Williams 1643) — not a living tribal speaker"
rw-115-aucha-i,"Auchaûi","he is gone to hunt or fowle.","Hee is gone to hunt or fowle.","Fowl",15,fauna,true,colonial_record,false,"Historical record (Williams 1643) — not a living tribal speaker"
rw-116-pepem-i,"Pepemôi","He is gone to fowle.","He is gone to fowle.","Fowl",15,fauna,true,colonial_record,false,"Historical record (Williams 1643) — not a living tribal speaker"
rw-117-w-mpissacuk,"Wómpissacuk","An Eagle.","An Eagle.","Fowl",15,fauna,false,colonial_record,false,"Historical record (Williams 1643) — not a living tribal speaker"
rw-118-wompsacuckqu-uog,"Wompsacuckquâuog","Eagle.","Eagle.","Fowl",15,fauna,false,colonial_record,false,"Historical record (Williams 1643) — not a living tribal speaker"
rw-119-n-yhom-m-uog,"Néyhom, mâuog","Turkies.","Turkies.","Fowl",15,fauna,true,colonial_record,false,"Historical record (Williams 1643) — not a living tribal speaker"
rw-120-paupock-s-og,"Paupock, sûog","Partridges.","Partridges.","Fowl",15,fauna,true,colonial_record,false,"Historical record (Williams 1643) — not a living tribal speaker"