id	narragansett	modern	historical
rw-002-ne-n-ke-n-ew	Neèn, Keèn, Ewò	I, you, he.	I, you, he.
rw-003-ke-nkaneen	Keénkaneen	You and I.	You and I.
rw-004-ascowequassunn-mmis	Ascowequassunnúmmis	Good morning.	Good morrow.
rw-005-askuttaaquomps-n	Askuttaaquompsín	How are you?	Hou doe you?
rw-006-asnpaumpma-ntam	Asnpaumpmaúntam	I am very well.	I am very well.
rw-007-taub-t-paump-ma-ntaman	Taubút paump maúntaman	I am glad you are well.	I am glad you are well.
rw-008-cowa-nckamish	Cowaúnckamish	My respects to you. / At your service.	My service to you.
rw-009-matta-niccattupp-mmin	Matta niccattuppúmmin	I am not hungry.	I am not hungry.
rw-010-nicc-wkatone	Niccàwkatone	I am thirsty.	I am thirstie.
rw-011-nip-or-nip-wese	Nip, or nipéwese	Give me some water.	Give me some water.
rw-012-namitch-commetes-mmin	Namitch, commetesímmin	Stay — you must eat first.	Stay, you must eat first.
rw-013-t-aquacumm-ich	Téaquacumméich	What will you eat?	What will you eat?
rw-014-n-kehick	Nókehick	Parched meal (dried ground corn).	Parch’d meal, which is a
rw-015-aup-mmineanash	Aupúmmineanash	The parched corn.	The parch’d corne.
rw-016-aup-minea-nawsa-mp	Aupúminea-nawsaùmp	Parched meal boiled (a soft corn porridge).	The parch’d meale boild
rw-017-nsowwushk-wmen	Nsowwushkâwmen	I am weary.	I am weary.
rw-018-nk-taquaum	Nkàtaquaum	I am sleepy.	I am sleepie.
rw-019-kukkoveto-s	Kukkovetoùs	May I stay the night here?	Shall I lodge here?
rw-020-kukkow-ti	Kukkowéti	Will you sleep here?	Will you sleepe here.
rw-021-wunn-gin-c-wish	Wunnégin, cówish	Welcome — sleep here.	Welcome, sleepe here.
rw-022-nummouaqu-men	Nummouaquômen	I will lodge outdoors.	I will lodge abroad.
rw-023-puckqu-tchick-nickou-men	Puckquátchick nickouêmen	I will sleep outdoors.	I will sleepe without the doores,
rw-024-mouaqu-mitea	Mouaquómitea	Let us sleep outdoors.	Let us lye abroad.
rw-025-nqu-t	Nquít	One.	One.
rw-026-pi-ck	Piùck	Ten.	10
rw-027-piucknabna-qu-t	Piucknabna quìt	Eleven.	11
rw-028-piucknab-ne-se	Piucknab neèse	Twelve.	12
rw-029-piucknab-n-sh	Piucknab nìsh	Thirteen.	13
rw-030-piucknab-y-h	Piucknab yòh	Fourteen.	14
rw-031-piucknab-nap-nna	Piucknab napánna	Fifteen.	15
rw-032-piucknab-naq-tta	Piucknab naqútta	Sixteen.	16
rw-033-ske-tomp-a-og	Skeétomp-aûog	Man; men.	Man-men.
rw-034-squ-ws-suck	Squàws-suck	Woman; women.	Woman-women.
rw-035-kichizuck	Kichizuck	Elders / old men.	Old men.
rw-036-h-mesuck	Hômesuck	Elders / old men.	Old men.
rw-037-kutch-nnu	Kutchínnu	A middle-aged man.	A middle-aged man,
rw-038-kutch-nnuwock	Kutchínnuwock	Middle-aged men.	Middle-aged men.
rw-039-wuske-ne	Wuskeène	A youth.	A youth,
rw-040-wuskeene-suck	Wuskeeneésuck	Youths.	Youths.
rw-041-wetu	Wetu	A house / dwelling.	An House.
rw-042-wetu-muck	Wetuômuck	At home.	At home.
rw-043-w-kick	Wékick	At his house.	At his house.
rw-044-nickqu-num	Nickquénum	I am going.	I am going;
rw-045-puttuckak-un	Puttuckakàun	A round house.	A round house.
rw-046-puttuckak-unese	Puttuckakàunese	A little round house.	A little round house.
rw-047-wetuom-mese	Wetuomémese	A little house.	A little house;
rw-048-ne-s-quttow	Neés quttow	A long house with two fires.	A long house with two fires.
rw-049-uppaqu-ntup	Uppaquóntup	The head.	The head.
rw-050-nuppaqu-ntup	Nuppaquóntup	My head.	My head.
rw-051-w-sheck	Wésheck	The hair.	The hayre.
rw-052-wuchechep-nnock	Wuchechepúnnock	A large bunch of hair.	A great bunch of hayre
rw-053-m-ppacuck	Múppacuck	A long lock of hair.	A long locke.
rw-054-msc-ttuck	Mscáttuck	The forehead.	The fore-head.
rw-055-wuske-suck-quash	Wuskeésuck-quash	Eye; eyes.	Eye, or eyes.
rw-056-wucha-n	Wuchaûn	The nostrils.	The nostrills.
rw-057-aunchemokauhett-ttea	Aunchemokauhettíttea	Let us talk / tell the news.	Let us discourse, or tell newes.
rw-058-aaunchem-kaw	Aaunchemókaw	Tell me your news.	Tell me your newes.
rw-059-cuttaunchem-kous	Cuttaunchemókous	I will tell you the news.	I will tell you newes.
rw-060-mautaunchemokou-an	Mautaunchemokouêan	When I have finished telling….	When I have done telling
rw-061-cummautaunchem-kous	Cummautaunchemókous	I have finished my news.	I have done my newes.
rw-062-wutauich-ocou-og	Wutauichéocouôog	I will tell it to them.	I will tell it them.
rw-063-awaun-mesh-aunchem-kau	Awaun mesh aunchemókau	Who brought this news?	Who brought this newes?
rw-064-awaun-mesh-kupp-ttouwaw	Awaun mesh kuppíttouwaw	From whom did you hear it?	Of whom did you heare it?
rw-065-maut-bon-chich-uquat-wom	Mautàbon, Chicháuquat wompan	It is day.	It is day.
rw-066-ampat-uban	Ampatâuban	It is broad daylight.	It is broad day.
rw-067-p-shisha	Páshisha	It is sunrise.	It is Sunne-rise.
rw-068-numm-ttaq-aw	Nummáttaqúaw	Morning (before noon).	Fore-noone.
rw-069-yahen-paushaq-aw	Yahen Paushaqúaw	Almost noon.	Allmost noone.
rw-070-p-weshaquaw	Páweshaquaw	Noon.	Noone.
rw-071-qutt-kquaquaw	Quttùkquaquaw	After the midday meal.	After dinner.
rw-072-naww-uwqaw	Nawwâuwqaw	Afternoon.	After-noone.
rw-073-nquittaq-nnegat	Nquittaqúnnegat	One day.	One day.
rw-074-neesq-nnagat	Neesqúnnagat	Two days.	2 dayes.
rw-075-shuckqun-ckat	Shuckqunóckat	Three days.	3 dayes.
rw-076-piuckaq-nnagat	Piuckaqúnnagat	Ten days.	10 dayes.
rw-077-piuckaqunnagat-nabnaqu-t	Piuckaqunnagat nabnaquìt	Eleven days.	11 dayes.
rw-078-neesneechektashuck-qunn-	Neesneechektashuck qunnóckat	Twenty days.	20 dayes.
rw-079-s-quan	Séquan	Spring.	The Spring.
rw-080-aukeete-mitch	Aukeeteámitch	Spring; seed-time.	Spring, or seed-time.
rw-081-m-yi	Máyi	A path / way.	A way.
rw-082-mat-mayan-nno	Mat mayanúnno	There is no path.	There is no way.
rw-083-peem-yag-t	Peemáyagât	A short way.	A little way.
rw-084-mishimm-yagat	Mishimmáyagat	A great path.	A great path.
rw-085-mach-pscat	Machípscat	A stony path.	A stone path.
rw-086-nnatotem-ckaun	Nnatotemúckaun	I will ask the way.	I will aske the way.
rw-087-kunnat-temous	Kunnatótemous	I will ask you.	I will inquire of you.
rw-088-kokotem-innea-m-yi	Kokotemíinnea méyi	Show me the way.	Shew me the way.
rw-089-k-esuck	Kéesuck	The heavens / sky.	The Heavens.
rw-090-keesucqu-u	Keesucquíu	Toward the heavens.	Heavenward.
rw-091-a-ke-aukease-u	Aúke, Aukeaseíu	Downward; toward the earth.	Downwards.
rw-092-nipp-wus	Nippâwus	The sun.	The Sun.
rw-093-keesuckqu-nd	Keesuckquànd	A name for the sun.	A name of the Sun.
rw-094-munn-nnock	Munnánnock	A name for the sun.	A name of the Sun.
rw-095-pashp-shea	Pashpíshea	The moon is up.	The Moone is up.
rw-096-y-ockquitteunk	Yò Ockquitteunk	A new moon.	A new Moone.
rw-097-t-ocke-tussinn-mmin-k-es	T Ocke tussinnámmin kéesuck	What do you think of the weather?	What thinke you of the Weather?
rw-098-wekinea-quat	Wekineaûquat	Fair weather.	Faire Weather.
rw-099-wekinn-uquocks	Wekinnàuquocks	When the weather is fair.	When it is faire Weather.
rw-100-tahk-or-t-takki	Tahkì or tátakki	Cold weather.	Cold Weather.
rw-101-tahk-es	Tahkèes	Cold.	Cold.
rw-102-ta-kocks	Taúkocks	Cold weather.	Cold weather.
rw-103-k-usitteks	Káusitteks	Hot weather.	Hot weather.
rw-104-kuss-ttah	Kussúttah	It is hot.	It is hot.
rw-105-w-a-pi	W Aûpi	The wind.	The Wind.
rw-106-w-upanash	Wâupanash	The winds.	The Winds.
rw-107-tash-nash-waupanash	Tashínash waupanash	How many winds are there?	How many winds are there?
rw-108-chepew-ssin	Chepewéssin	The northeast wind.	The North east.
rw-109-s-chimoachepew-ssin	Sáchimoachepewéssin	A strong northeast wind.	Strong North east wind.
rw-110-nop-tin	Nopâtin	The east wind.	The East wind.
rw-111-nan-ckquittin	Nanóckquittin	The southeast wind.	The South east wind.
rw-112-touw-ttin	Touwúttin	The south wind.	South wind.
rw-113-npesh-wog	NPesháwog	Birds / fowl.	} Fowle
rw-114-ntauch-umen	Ntauchâumen	I go hunting or fowling.	I goe a fowling or hunting.
rw-115-aucha-i	Auchaûi	He has gone to hunt or fowl.	Hee is gone to hunt or fowle.
rw-116-pepem-i	Pepemôi	He has gone fowling.	He is gone to fowle.
rw-117-w-mpissacuk	Wómpissacuk	An eagle.	An Eagle.
rw-118-wompsacuckqu-uog	Wompsacuckquâuog	Eagles.	Eagle.
rw-119-n-yhom-m-uog	Néyhom, mâuog	Turkeys.	Turkies.
rw-120-paupock-s-og	Paupock, sûog	Partridges.	Partridges.
